Anon01 ,crsid@cam.ac.uk ,2 ,X05 ,V02 ,X07 ,V03  ,X11 ,B06  ,B08  ,3B   ,49K ,49R
Anon02 ,crsid@cam.ac.uk ,1 ,61F ,63F ,61E ,61F  ,61F ,61F  ,61F  ,61F  ,61F ,61F
Anon03 ,crsid@cam.ac.uk ,4 ,49Q ,AB1 ,S14 ,AB4  ,A06 ,W13  ,WC1  ,WC2  ,WC3 ,W08
Anon04 ,crsid@cam.ac.uk ,4 ,HR4 ,HR1 ,HR3 ,OX1  ,OX2 ,OX3  ,OX4  ,OX5  ,62J ,62K
Anon05 ,crsid@cam.ac.uk ,2 ,W09 ,W10 ,W04 ,F1A  ,F1B ,F1C  ,S04  ,S08  ,X02 ,X05
Anon06 ,crsid@cam.ac.uk ,1 ,61E ,62E ,63F ,62B  ,63G ,63J  ,62H  ,62D  ,63D ,63C
Anon07 ,crsid@cam.ac.uk ,3 ,AB2 ,AB4 ,A05 ,49D  ,49C ,49Q  ,OX1  ,OX3  ,OX4 ,OX5
Anon08 ,crsid@cam.ac.uk ,4 ,B07 ,B08 ,B03 ,S05  ,S08 ,S01  ,XO8  ,X02  ,X15 ,X05
Anon09 ,crsid@cam.ac.uk ,2 ,63A ,61E ,X06 ,F1C  ,F2C ,WC1  ,W03  ,62J  ,B05 ,AB2
Anon10 ,crsid@cam.ac.uk ,4 ,HR3 ,HR4 ,HR1 ,HR5  ,OX3 ,OX5  ,OX1  ,OX4  ,OX2 ,WC1
Anon11 ,crsid@cam.ac.uk ,4 ,W07 ,W09 ,W10 ,W12  ,W11 ,S08  ,V06  ,X05  ,XO8 ,W08
Anon12 ,crsid@cam.ac.uk ,2 ,62J ,63J ,61F ,63F  ,X07 ,X14  ,XO8  ,X12  ,B06 ,49K
Anon13 ,crsid@cam.ac.uk ,3 ,XO8 ,X14 ,X07 ,X12  ,49E ,3B   ,3G   ,49K  ,S08 ,34D
Anon14 ,crsid@cam.ac.uk ,0 ,B05 ,B04 ,B06 ,S13  ,S10 ,S09  ,S11  ,X01  ,X12 ,X10
Anon15 ,crsid@cam.ac.uk ,1 ,49H ,49E ,49L ,49T  ,49D ,49M  ,49S  ,49K  ,49C ,49Q
Anon16 ,crsid@cam.ac.uk ,2 ,63B ,61G ,62G ,63G  ,62H ,62C  ,62D  ,63E  ,63K ,63D
Anon17 ,crsid@cam.ac.uk ,2 ,49D ,49D ,49D ,3G   ,49L ,3F   ,49C  ,49E  ,49E ,34G
Anon18 ,crsid@cam.ac.uk ,3 ,OX3 ,HR3 ,X15 ,X13  ,X07 ,V02  ,V05  ,V03  ,V04 ,B08
Anon19 ,crsid@cam.ac.uk ,3 ,X01 ,X04 ,X03 ,XO9  ,X10 ,X11  ,X12  ,W03  ,W02 ,WC1
Anon20 ,crsid@cam.ac.uk ,2 ,49N ,49R ,49S ,49U  ,49F ,49K  ,49J  ,49M  ,3D  ,3A
Anon21 ,crsid@cam.ac.uk ,4 ,3B  ,3A  ,3C  ,3D   ,3E  ,3F   ,3G   ,62K  ,61K ,63K
Anon22 ,crsid@cam.ac.uk ,2 ,34C ,34D ,34E ,49B  ,F1C ,3C   ,3D   ,49C  ,49D ,3E
Anon23 ,crsid@gmail.com ,2 ,AB1 ,HR5 ,OX2 ,S14  ,A06 ,AB4  ,A02  ,49C  ,49D ,49Q
Anon24 ,crsid@cam.ac.uk ,4 ,HR4 ,HR5 ,HR3 ,HR1  ,OX1 ,OX3  ,OX5  ,OX2  ,RRC ,RRE
Anon25 ,crsid@cam.ac.uk ,1 ,WC1 ,WC3 ,WC2 ,F7C  ,A04 ,F19C ,OX3  ,OX1  ,HR3 ,HR1
Anon26 ,crsid@cam.ac.uk ,1 ,RRC ,RRC ,RRC ,RRC  ,RRB ,RRB  ,RRA  ,RRA  ,RRA ,RRA
Anon27 ,crsid@cam.ac.uk ,2 ,61G ,62J ,62G ,63J  ,63G ,62F  ,61F  ,F19A ,F2A ,F7A
Anon28 ,crsid@cam.ac.uk ,1 ,49K ,49R ,49J ,49M  ,49S ,49U  ,61F  ,61K  ,61G ,61E
Anon29 ,crsid@gmail.com ,2 ,49R ,49K ,49J ,49M  ,49S ,49U  ,61G  ,61E  ,61K ,61F
Anon30 ,crsid@cam.ac.uk ,4 ,RRC ,RRD ,RRE ,RRC  ,RRC ,RRC  ,RRC  ,RRC  ,RRC ,RRC
Anon31 ,crsid@cam.ac.uk ,2 ,61F ,61E ,62E ,63F  ,61D ,62D  ,61F  ,61F  ,61F ,61F
Anon32 ,crsid@cam.ac.uk ,1 ,49K ,49R ,49E ,34C  ,34D ,34E  ,34F  ,3A   ,3B  ,3C
Anon33 ,crsid@cam.ac.uk ,3 ,S14 ,S13 ,S10 ,S09  ,S11 ,B06  ,B05  ,B04  ,W08 ,V07
Anon34 ,crsid@cam.ac.uk ,3 ,49C ,HR4 ,HR1 ,HR3  ,A02 ,49D  ,49Q  ,49E  ,49H ,49L
Anon35 ,crsid@cam.ac.uk ,2 ,F1A ,F1B ,F1C ,F19B ,F7B ,F2B  ,F19A ,F2A  ,F7A ,F19C
Anon36 ,crsid@cam.ac.uk ,4 ,B06 ,B05 ,B04 ,B01  ,B08 ,B07  ,S04  ,S11  ,S10 ,S09
Anon37 ,crsid@cam.ac.uk ,4 ,XO8 ,S04 ,S08 ,B01  ,V02 ,W09  ,B07  ,X14  ,W10 ,W07
Anon38 ,crsid@cam.ac.uk ,2 ,B01 ,B08 ,B07 ,S11  ,S04 ,B06  ,B05  ,B04  ,S10 ,S09
Anon39 ,crsid@cam.ac.uk ,2 ,B01 ,B08 ,S11 ,V08  ,S04 ,B07  ,W09  ,W07  ,AB4 ,WC1
Anon40 ,crsid@cam.ac.uk ,2 ,62F ,62G ,62J ,F19A ,F2A ,F19B ,XO8  ,X07  ,B07 ,V05
Anon41 ,crsid@cam.ac.uk ,2 ,A06 ,AB1 ,AB4 ,S14  ,49C ,49D  ,49E  ,49Q  ,OX2 ,HR4
Anon42 ,crsid@cam.ac.uk ,2 ,3A  ,3C  ,3D  ,3G   ,49S ,49N  ,49F  ,X07  ,X10 ,X01
Anon43 ,crsid@cam.ac.uk ,4 ,HR3 ,OX3 ,HR1 ,OX1  ,RRC ,RRD  ,S05  ,49E  ,RRB ,A04
Anon44 ,crsid@cam.ac.uk ,2 ,49R ,49S ,49T ,49U  ,49Q ,49N  ,49M  ,49L  ,49K ,49J
Anon45 ,crsid@cam.ac.uk ,1 ,RRA ,RRC ,RRA ,RRA  ,RRB ,RRD  ,RRE  ,RRA  ,RRA ,RRA
Anon46 ,crsid@cam.ac.uk ,1 ,RRH ,RRH ,RRH ,RRH  ,RRC ,RRE  ,RRD  ,RRB  ,RRA ,RRG
Anon47 ,crsid@cam.ac.uk ,4 ,HR1 ,HR3 ,49J ,3F   ,49H ,49B  ,34G  ,3E   ,49L ,49Q
Anon48 ,crsid@cam.ac.uk ,1 ,A06 ,AB4 ,A02 ,49C  ,49Q ,49D  ,49E  ,A05  ,AB2 ,AB1
Anon49 ,crsid@cam.ac.uk ,3 ,B06 ,B06 ,B06 ,B06  ,B05 ,B06  ,B06  ,B06  ,B06 ,B06
Anon50 ,crsid@cam.ac.uk ,4 ,RRH ,RRB ,RRC ,RRD  ,RRE ,RRA  ,RRG  ,A06  ,S14 ,S13
Anon51 ,crsid@cam.ac.uk ,0 ,49B ,49E ,49D ,49C  ,49K ,49J  ,49R  ,49S  ,49M ,49N
Anon52 ,crsid@cam.ac.uk ,1 ,49B ,61H ,63H ,62K  ,61J ,61G  ,62B  ,62J  ,62C ,63J
Anon53 ,crsid@cam.ac.uk ,4 ,61E ,V01 ,62E ,63A  ,61F ,61K  ,62G  ,63A  ,63K ,61J
Anon54 ,crsid@cam.ac.uk ,4 ,F1A ,F1B ,F1C ,HR3  ,HR1 ,A04  ,A03  ,B04  ,B05 ,B06
Anon55 ,crsid@cam.ac.uk ,4 ,HR5 ,49E ,AB1 ,S14  ,OX2 ,A06  ,49C  ,HR4  ,49D ,49Q
Anon56 ,crsid@cam.ac.uk ,4 ,S01 ,S06 ,S10 ,HR5  ,HR3 ,X15  ,V05  ,V02  ,V03 ,OX3
Anon57 ,crsid@cam.ac.uk ,2 ,A02 ,3E  ,3A  ,3B   ,3C  ,3D   ,3E   ,3F   ,49B ,V03
Anon58 ,crsid@cam.ac.uk ,2 ,63H ,61H ,62K ,63G  ,63J ,63K  ,61J  ,61K  ,62H ,62J
Anon59 ,crsid@cam.ac.uk ,2 ,61E ,61F ,61G ,61B  ,61C ,62E  ,62G  ,61A  ,63J ,63C
Anon60 ,crsid@cam.ac.uk ,4 ,RRD ,RRC ,RRH ,34G  ,V10 ,34D  ,49K  ,49D  ,49L ,V03
Anon61 ,crsid@cam.ac.uk ,2 ,RRA ,RRD ,RRB ,RRE  ,RRC ,RRG  ,RRH  ,3A   ,3C  ,3B
Anon62 ,crsid@cam.ac.uk ,2 ,61H ,63H ,62K ,61J  ,62K ,63J  ,62K  ,63A  ,63B ,63C
Anon63 ,crsid@cam.ac.uk ,2 ,49B ,49E ,63A ,63B  ,61A ,62A  ,61B  ,62B  ,61C ,62C
Anon64 ,crsid@cam.ac.uk ,4 ,B07 ,XO8 ,B08 ,S12  ,X14 ,X15  ,X13  ,S10  ,X07 ,X06
Anon65 ,crsid@cam.ac.uk ,4 ,OX3 ,HR3 ,HR5 ,49E  ,49C ,49D  ,49S  ,A04  ,49R ,49U
Anon66 ,crsid@cam.ac.uk ,4 ,F1A ,F1B ,F1C ,HR3  ,HR1 ,A04  ,A03  ,B04  ,B05 ,B06
Anon67 ,crsid@cam.ac.uk ,2 ,3C  ,3C  ,3C  ,3C   ,3C  ,3C   ,3C   ,3C   ,3C  ,3C
Anon68 ,crsid@cam.ac.uk ,2 ,49B ,61F ,62J ,61E  ,62E ,62G  ,63G  ,63J  ,61G ,63E
Anon69 ,crsid@cam.ac.uk ,2 ,49B ,49F ,49N ,49J  ,49B ,49F  ,49N  ,49J  ,49B ,49F
Anon70 ,crsid@cam.ac.uk ,1 ,RRC ,RRD ,RRE ,RRG  ,RRB ,RRH  ,RRC  ,RRC  ,RRC ,RRC
Anon71 ,crsid@cam.ac.uk ,0 ,62B ,49B ,62A ,63C  ,63D ,61A  ,61B  ,49E  ,XO8 ,X15
Anon72 ,crsid@cam.ac.uk ,1 ,62E ,62G ,62H ,62J  ,63E ,63G  ,63H  ,63J  ,62K ,63G
Anon73 ,crsid@cam.ac.uk ,2 ,34E ,49E ,49K ,49R  ,F1C ,3A   ,3B   ,3C   ,3D  ,3E
Anon74 ,crsid@cam.ac.uk ,4 ,XO8 ,S08 ,B01 ,V02  ,W09 ,X14  ,X15  ,B07  ,W10 ,W07
Anon75 ,crsid@cam.ac.uk ,2 ,63E ,63F ,63G ,63D  ,63C ,62C  ,62E  ,62G  ,61D ,61F
Anon76 ,crsid@cam.ac.uk ,4 ,X10 ,X12 ,XO9 ,X07  ,S11 ,S09  ,X11  ,W08  ,WC1 ,WC2
Anon77 ,crsid@cam.ac.uk ,2 ,XO8 ,X14 ,X15 ,X02  ,X05 ,X13  ,X07  ,X06  ,S08 ,S04
Anon78 ,crsid@cam.ac.uk ,2 ,S14 ,AB1 ,A06 ,AB4  ,A02 ,S13  ,49E  ,49C  ,49D ,49Q
Anon79 ,crsid@cam.ac.uk ,4 ,B04 ,B05 ,B06 ,S13  ,S11 ,S09  ,S10  ,X03  ,X04 ,V07
Anon90 ,crsid@cam.ac.uk ,2 ,61E ,62E ,A05 ,61E  ,62E ,A05  ,61E  ,62E  ,A05 ,A05